--
-- PostgreSQL database dump
--

-- Dumped from database version 17.0 (Debian 17.0-1.pgdg120+1)
-- Dumped by pg_dump version 17.4

SET statement_timeout = 0;
SET lock_timeout = 0;
SET idle_in_transaction_session_timeout = 0;
SET transaction_timeout = 0;
SET client_encoding = 'UTF8';
SET standard_conforming_strings = on;
SELECT pg_catalog.set_config('search_path', '', false);
SET check_function_bodies = false;
SET xmloption = content;
SET client_min_messages = warning;
SET row_security = off;

SET default_tablespace = '';

SET default_table_access_method = heap;

--
-- Name: Advisors; Type: TABLE; Schema: public; Owner: postgres
--

CREATE TABLE public."Advisors" (
    "Id" integer NOT NULL,
    "FullName" character varying(50) NOT NULL,
    "Email" text NOT NULL,
    "Password" text NOT NULL
);


ALTER TABLE public."Advisors" OWNER TO postgres;

--
-- Name: Advisors_Id_seq; Type: SEQUENCE; Schema: public; Owner: postgres
--

ALTER TABLE public."Advisors" ALTER COLUMN "Id" ADD GENERATED BY DEFAULT AS IDENTITY (
    SEQUENCE NAME public."Advisors_Id_seq"
    START WITH 1
    INCREMENT BY 1
    NO MINVALUE
    NO MAXVALUE
    CACHE 1
);


--
-- Name: Announces; Type: TABLE; Schema: public; Owner: postgres
--

CREATE TABLE public."Announces" (
    "Id" integer NOT NULL,
    "Title" text NOT NULL,
    "Message" text,
    "Date" date
);


ALTER TABLE public."Announces" OWNER TO postgres;

--
-- Name: Announces_Id_seq; Type: SEQUENCE; Schema: public; Owner: postgres
--

ALTER TABLE public."Announces" ALTER COLUMN "Id" ADD GENERATED BY DEFAULT AS IDENTITY (
    SEQUENCE NAME public."Announces_Id_seq"
    START WITH 1
    INCREMENT BY 1
    NO MINVALUE
    NO MAXVALUE
    CACHE 1
);


--
-- Name: AttendanceEntries; Type: TABLE; Schema: public; Owner: postgres
--

CREATE TABLE public."AttendanceEntries" (
    "Id" integer NOT NULL,
    "GradeId" integer NOT NULL,
    "Date" date NOT NULL,
    "Presence" integer NOT NULL
);


ALTER TABLE public."AttendanceEntries" OWNER TO postgres;

--
-- Name: AttendanceEntries_Id_seq; Type: SEQUENCE; Schema: public; Owner: postgres
--

ALTER TABLE public."AttendanceEntries" ALTER COLUMN "Id" ADD GENERATED BY DEFAULT AS IDENTITY (
    SEQUENCE NAME public."AttendanceEntries_Id_seq"
    START WITH 1
    INCREMENT BY 1
    NO MINVALUE
    NO MAXVALUE
    CACHE 1
);


--
-- Name: Clubs; Type: TABLE; Schema: public; Owner: postgres
--

CREATE TABLE public."Clubs" (
    "Id" integer NOT NULL,
    "Name" text NOT NULL,
    "Description" text NOT NULL,
    "DetailedStudentId" integer NOT NULL
);


ALTER TABLE public."Clubs" OWNER TO postgres;

--
-- Name: Clubs_Id_seq; Type: SEQUENCE; Schema: public; Owner: postgres
--

ALTER TABLE public."Clubs" ALTER COLUMN "Id" ADD GENERATED BY DEFAULT AS IDENTITY (
    SEQUENCE NAME public."Clubs_Id_seq"
    START WITH 1
    INCREMENT BY 1
    NO MINVALUE
    NO MAXVALUE
    CACHE 1
);


--
-- Name: CoursePrograms; Type: TABLE; Schema: public; Owner: postgres
--

CREATE TABLE public."CoursePrograms" (
    "Id" integer NOT NULL,
    "Code" text NOT NULL,
    "Name" text NOT NULL,
    "Lang" text NOT NULL
);


ALTER TABLE public."CoursePrograms" OWNER TO postgres;

--
-- Name: CoursePrograms_Id_seq; Type: SEQUENCE; Schema: public; Owner: postgres
--

ALTER TABLE public."CoursePrograms" ALTER COLUMN "Id" ADD GENERATED BY DEFAULT AS IDENTITY (
    SEQUENCE NAME public."CoursePrograms_Id_seq"
    START WITH 1
    INCREMENT BY 1
    NO MINVALUE
    NO MAXVALUE
    CACHE 1
);


--
-- Name: Course_CourseProgram; Type: TABLE; Schema: public; Owner: postgres
--

CREATE TABLE public."Course_CourseProgram" (
    "Id" integer NOT NULL,
    "CourseId" integer NOT NULL,
    "CourseProgramId" integer NOT NULL
);


ALTER TABLE public."Course_CourseProgram" OWNER TO postgres;

--
-- Name: Course_CourseProgram_Id_seq; Type: SEQUENCE; Schema: public; Owner: postgres
--

ALTER TABLE public."Course_CourseProgram" ALTER COLUMN "Id" ADD GENERATED BY DEFAULT AS IDENTITY (
    SEQUENCE NAME public."Course_CourseProgram_Id_seq"
    START WITH 1
    INCREMENT BY 1
    NO MINVALUE
    NO MAXVALUE
    CACHE 1
);


--
-- Name: Courses; Type: TABLE; Schema: public; Owner: postgres
--

CREATE TABLE public."Courses" (
    "Id" integer NOT NULL,
    "Code" text NOT NULL,
    "Name" text NOT NULL,
    "Theory" integer NOT NULL,
    "Ects" integer NOT NULL
);


ALTER TABLE public."Courses" OWNER TO postgres;

--
-- Name: Courses_Id_seq; Type: SEQUENCE; Schema: public; Owner: postgres
--

ALTER TABLE public."Courses" ALTER COLUMN "Id" ADD GENERATED BY DEFAULT AS IDENTITY (
    SEQUENCE NAME public."Courses_Id_seq"
    START WITH 1
    INCREMENT BY 1
    NO MINVALUE
    NO MAXVALUE
    CACHE 1
);


--
-- Name: DetailedStudents; Type: TABLE; Schema: public; Owner: postgres
--

CREATE TABLE public."DetailedStudents" (
    "Id" integer NOT NULL,
    "StudentId" integer NOT NULL,
    "FullName" character varying(50) NOT NULL,
    "Phone" text NOT NULL,
    "EmergencyPhone" text NOT NULL,
    "Location" text NOT NULL,
    "Education" text NOT NULL,
    "Notes" text,
    "EarnedCredits" integer NOT NULL,
    "Gpa" double precision NOT NULL,
    "Loans" double precision NOT NULL,
    "AdvisorId" integer NOT NULL,
    "ScholarshipId" integer,
    "BirthDate" date NOT NULL,
    "EntranceDate" date NOT NULL,
    "GraduateDate" date NOT NULL
);


ALTER TABLE public."DetailedStudents" OWNER TO postgres;

--
-- Name: DetailedStudents_Id_seq; Type: SEQUENCE; Schema: public; Owner: postgres
--

ALTER TABLE public."DetailedStudents" ALTER COLUMN "Id" ADD GENERATED BY DEFAULT AS IDENTITY (
    SEQUENCE NAME public."DetailedStudents_Id_seq"
    START WITH 1
    INCREMENT BY 1
    NO MINVALUE
    NO MAXVALUE
    CACHE 1
);


--
-- Name: Grades; Type: TABLE; Schema: public; Owner: postgres
--

CREATE TABLE public."Grades" (
    "Id" integer NOT NULL,
    "CourseId" integer NOT NULL,
    "StudentSemesterId" integer NOT NULL,
    "Act1" integer NOT NULL,
    "Act2" integer NOT NULL,
    "Att" integer NOT NULL,
    "Iw" integer NOT NULL,
    "Final" integer NOT NULL,
    "Sum" integer NOT NULL,
    "Mark" text NOT NULL
);


ALTER TABLE public."Grades" OWNER TO postgres;

--
-- Name: Grades_Id_seq; Type: SEQUENCE; Schema: public; Owner: postgres
--

ALTER TABLE public."Grades" ALTER COLUMN "Id" ADD GENERATED BY DEFAULT AS IDENTITY (
    SEQUENCE NAME public."Grades_Id_seq"
    START WITH 1
    INCREMENT BY 1
    NO MINVALUE
    NO MAXVALUE
    CACHE 1
);


--
-- Name: Scholarships; Type: TABLE; Schema: public; Owner: postgres
--

CREATE TABLE public."Scholarships" (
    "Id" integer NOT NULL,
    "Name" text NOT NULL,
    "Amount" double precision NOT NULL
);


ALTER TABLE public."Scholarships" OWNER TO postgres;

--
-- Name: Scholarships_Id_seq; Type: SEQUENCE; Schema: public; Owner: postgres
--

ALTER TABLE public."Scholarships" ALTER COLUMN "Id" ADD GENERATED BY DEFAULT AS IDENTITY (
    SEQUENCE NAME public."Scholarships_Id_seq"
    START WITH 1
    INCREMENT BY 1
    NO MINVALUE
    NO MAXVALUE
    CACHE 1
);


--
-- Name: Semesters; Type: TABLE; Schema: public; Owner: postgres
--

CREATE TABLE public."Semesters" (
    "Id" integer NOT NULL,
    "StudentCourseProgramId" integer NOT NULL,
    "StartDate" date NOT NULL,
    "EndDate" date NOT NULL
);


ALTER TABLE public."Semesters" OWNER TO postgres;

--
-- Name: Semesters_Id_seq; Type: SEQUENCE; Schema: public; Owner: postgres
--

ALTER TABLE public."Semesters" ALTER COLUMN "Id" ADD GENERATED BY DEFAULT AS IDENTITY (
    SEQUENCE NAME public."Semesters_Id_seq"
    START WITH 1
    INCREMENT BY 1
    NO MINVALUE
    NO MAXVALUE
    CACHE 1
);


--
-- Name: Skills; Type: TABLE; Schema: public; Owner: postgres
--

CREATE TABLE public."Skills" (
    "Id" integer NOT NULL,
    "Name" text NOT NULL,
    "Description" text,
    "Type" text,
    "Category" text,
    "DetailedStudentId" integer NOT NULL
);


ALTER TABLE public."Skills" OWNER TO postgres;

--
-- Name: Skills_Id_seq; Type: SEQUENCE; Schema: public; Owner: postgres
--

ALTER TABLE public."Skills" ALTER COLUMN "Id" ADD GENERATED BY DEFAULT AS IDENTITY (
    SEQUENCE NAME public."Skills_Id_seq"
    START WITH 1
    INCREMENT BY 1
    NO MINVALUE
    NO MAXVALUE
    CACHE 1
);


--
-- Name: StudentCoursePrograms; Type: TABLE; Schema: public; Owner: postgres
--

CREATE TABLE public."StudentCoursePrograms" (
    "Id" integer NOT NULL,
    "TranscriptId" integer NOT NULL,
    "Code" text NOT NULL,
    "Name" text NOT NULL,
    "Lang" text NOT NULL
);


ALTER TABLE public."StudentCoursePrograms" OWNER TO postgres;

--
-- Name: StudentCoursePrograms_Id_seq; Type: SEQUENCE; Schema: public; Owner: postgres
--

ALTER TABLE public."StudentCoursePrograms" ALTER COLUMN "Id" ADD GENERATED BY DEFAULT AS IDENTITY (
    SEQUENCE NAME public."StudentCoursePrograms_Id_seq"
    START WITH 1
    INCREMENT BY 1
    NO MINVALUE
    NO MAXVALUE
    CACHE 1
);


--
-- Name: Students; Type: TABLE; Schema: public; Owner: postgres
--

CREATE TABLE public."Students" (
    "Id" integer NOT NULL,
    "Email" text NOT NULL,
    "Password" text NOT NULL,
    "Role" integer NOT NULL,
    "AvatarURL" text NOT NULL
);


ALTER TABLE public."Students" OWNER TO postgres;

--
-- Name: Students_Id_seq; Type: SEQUENCE; Schema: public; Owner: postgres
--

ALTER TABLE public."Students" ALTER COLUMN "Id" ADD GENERATED BY DEFAULT AS IDENTITY (
    SEQUENCE NAME public."Students_Id_seq"
    START WITH 1
    INCREMENT BY 1
    NO MINVALUE
    NO MAXVALUE
    CACHE 1
);


--
-- Name: Transcripts; Type: TABLE; Schema: public; Owner: postgres
--

CREATE TABLE public."Transcripts" (
    "Id" integer NOT NULL,
    "DetailedStudentId" integer NOT NULL,
    "Gpa" double precision,
    "Tatc" integer,
    "Tacc" integer,
    "Sac" integer
);


ALTER TABLE public."Transcripts" OWNER TO postgres;

--
-- Name: Transcripts_Id_seq; Type: SEQUENCE; Schema: public; Owner: postgres
--

ALTER TABLE public."Transcripts" ALTER COLUMN "Id" ADD GENERATED BY DEFAULT AS IDENTITY (
    SEQUENCE NAME public."Transcripts_Id_seq"
    START WITH 1
    INCREMENT BY 1
    NO MINVALUE
    NO MAXVALUE
    CACHE 1
);


--
-- Name: __EFMigrationsHistory; Type: TABLE; Schema: public; Owner: postgres
--

CREATE TABLE public."__EFMigrationsHistory" (
    "MigrationId" character varying(150) NOT NULL,
    "ProductVersion" character varying(32) NOT NULL
);


ALTER TABLE public."__EFMigrationsHistory" OWNER TO postgres;

--
-- Data for Name: Advisors; Type: TABLE DATA; Schema: public; Owner: postgres
--

INSERT INTO public."Advisors" VALUES (1, '', '', '');


--
-- Data for Name: Announces; Type: TABLE DATA; Schema: public; Owner: postgres
--

INSERT INTO public."Announces" VALUES (1, 'System Maintenance', 'The system will be down for maintenance this weekend.', '2025-06-07');
INSERT INTO public."Announces" VALUES (2, 'Exam Schedule Released', 'Final exam schedule is now available.', '2025-06-03');
INSERT INTO public."Announces" VALUES (3, 'Library Update', 'New digital resources have been added to the library.', '2025-05-28');
INSERT INTO public."Announces" VALUES (4, 'Holiday Notice', 'The university will be closed on June 15 for National Day.', '2025-06-15');
INSERT INTO public."Announces" VALUES (5, 'Graduation Ceremony', 'Graduation ceremony will be held on July 5 at 10 AM.', '2025-07-05');
INSERT INTO public."Announces" VALUES (6, 'New Cafeteria Menu', 'Check out the updated cafeteria menu for this month.', '2025-06-01');
INSERT INTO public."Announces" VALUES (7, 'Course Registration', 'Fall semester course registration opens next Monday.', '2025-06-10');
INSERT INTO public."Announces" VALUES (8, 'IT Support Downtime', 'IT helpdesk will be unavailable on June 4 from 2–4 PM.', '2025-06-04');
INSERT INTO public."Announces" VALUES (9, 'Survey Reminder', 'Please complete the end-of-term feedback survey.', '2025-06-02');
INSERT INTO public."Announces" VALUES (10, 'New Internship Opportunities', 'Visit the career center for summer internship listings.', '2025-06-05');


--
-- Data for Name: AttendanceEntries; Type: TABLE DATA; Schema: public; Owner: postgres
--



--
-- Data for Name: Clubs; Type: TABLE DATA; Schema: public; Owner: postgres
--



--
-- Data for Name: CoursePrograms; Type: TABLE DATA; Schema: public; Owner: postgres
--

INSERT INTO public."CoursePrograms" VALUES (1, 'ES', 'Economics', 'AZ');
INSERT INTO public."CoursePrograms" VALUES (2, 'CE', 'Computer Engineering', 'EN');
INSERT INTO public."CoursePrograms" VALUES (3, 'CS', 'Computer Science', 'EN');
INSERT INTO public."CoursePrograms" VALUES (4, 'IT', 'Information Technology', 'AZ');
INSERT INTO public."CoursePrograms" VALUES (5, 'IT', 'Information Technology', 'EN');


--
-- Data for Name: Course_CourseProgram; Type: TABLE DATA; Schema: public; Owner: postgres
--

INSERT INTO public."Course_CourseProgram" VALUES (1, 17, 2);
INSERT INTO public."Course_CourseProgram" VALUES (2, 3, 5);
INSERT INTO public."Course_CourseProgram" VALUES (3, 29, 1);
INSERT INTO public."Course_CourseProgram" VALUES (4, 8, 3);
INSERT INTO public."Course_CourseProgram" VALUES (5, 12, 4);
INSERT INTO public."Course_CourseProgram" VALUES (6, 21, 1);
INSERT INTO public."Course_CourseProgram" VALUES (7, 5, 3);
INSERT INTO public."Course_CourseProgram" VALUES (8, 33, 5);
INSERT INTO public."Course_CourseProgram" VALUES (9, 1, 2);
INSERT INTO public."Course_CourseProgram" VALUES (10, 26, 4);


--
-- Data for Name: Courses; Type: TABLE DATA; Schema: public; Owner: postgres
--

INSERT INTO public."Courses" VALUES (1, 'IT 113', 'Information management', 1, 3);
INSERT INTO public."Courses" VALUES (2, 'IT 115', 'Information technologies', 1, 3);
INSERT INTO public."Courses" VALUES (3, 'IT 188', 'Computer-aided design', 2, 7);
INSERT INTO public."Courses" VALUES (4, 'IT 205', 'Object oriented programming', 2, 7);
INSERT INTO public."Courses" VALUES (5, 'IT 252', 'Basics of programming- 2', 2, 5);
INSERT INTO public."Courses" VALUES (6, 'IT 338', 'Internet Technologies', 2, 6);
INSERT INTO public."Courses" VALUES (7, 'IT 383', 'Computer modeling', 2, 7);
INSERT INTO public."Courses" VALUES (8, 'IT 385', 'Management in information systems', 2, 7);
INSERT INTO public."Courses" VALUES (9, 'IT 386', 'Web programming', 2, 6);
INSERT INTO public."Courses" VALUES (10, 'IT 387', 'Introduction to multi-platform programming', 2, 7);
INSERT INTO public."Courses" VALUES (11, 'IT 388', 'Modern programming languages- 2', 2, 7);
INSERT INTO public."Courses" VALUES (12, 'IT 390', 'Mobile application design', 2, 7);
INSERT INTO public."Courses" VALUES (13, 'IT 437', 'Machine Learning', 2, 6);
INSERT INTO public."Courses" VALUES (14, 'IT 451', 'Data Mining and Storing', 2, 6);
INSERT INTO public."Courses" VALUES (15, 'IT 485', 'Database programming', 2, 6);
INSERT INTO public."Courses" VALUES (16, 'IT 487', 'Data analytics and information management', 2, 6);
INSERT INTO public."Courses" VALUES (17, 'MINF 273', 'Mathematical programming', 2, 7);
INSERT INTO public."Courses" VALUES (18, 'BA 108', 'Principles of Entrepreneurship and Introduction to Business', 1, 3);
INSERT INTO public."Courses" VALUES (19, 'BA 111', 'Fundamentals of Management', 1, 9);
INSERT INTO public."Courses" VALUES (20, 'ECON 163', 'Engineering Economics', 1, 9);
INSERT INTO public."Courses" VALUES (21, 'ENG 010', 'English for business and academic communication (reading and writing)', 0, 5);
INSERT INTO public."Courses" VALUES (22, 'ENG 020', 'English for business and academic communication (listening and speaking)', 0, 5);
INSERT INTO public."Courses" VALUES (23, 'ENG 030', 'English for business and academic communication (for academic purposes)', 0, 5);
INSERT INTO public."Courses" VALUES (24, 'GER 010', 'German business and academic communication (reading and writing)', 0, 5);
INSERT INTO public."Courses" VALUES (25, 'GER 020', 'German for business and academic communication (listening and speaking)', 0, 5);
INSERT INTO public."Courses" VALUES (26, 'GER 030', 'German for business and academic communication (for academic purposes)', 0, 5);
INSERT INTO public."Courses" VALUES (27, 'LAW 110', 'Constitution of Republic of Azerbaijan and Fundamentals of Law', 1, 3);
INSERT INTO public."Courses" VALUES (28, 'MATH 285', 'Numerical analysis', 2, 5);
INSERT INTO public."Courses" VALUES (29, 'MINF 167', 'Logic', 1, 3);
INSERT INTO public."Courses" VALUES (30, 'PA 139', 'Politology', 1, 3);
INSERT INTO public."Courses" VALUES (31, 'PHIL 159', 'Philosophy', 1, 3);
INSERT INTO public."Courses" VALUES (32, 'SOC 110', 'Sociology', 1, 3);
INSERT INTO public."Courses" VALUES (33, 'SOC 150', 'Introduction to Multiculturalism', 1, 3);
INSERT INTO public."Courses" VALUES (34, 'SOC 180', 'Ethics and aesthetics', 1, 3);


--
-- Data for Name: DetailedStudents; Type: TABLE DATA; Schema: public; Owner: postgres
--

INSERT INTO public."DetailedStudents" VALUES (1, 1, '', '', '', '', '', NULL, 30, 3.97, 0, 1, NULL, '1999-09-10', '2020-05-01', '2024-05-01');


--
-- Data for Name: Grades; Type: TABLE DATA; Schema: public; Owner: postgres
--

INSERT INTO public."Grades" VALUES (1, 1, 1, 14, 13, 9, 10, 48, 94, 'A');
INSERT INTO public."Grades" VALUES (2, 2, 1, 12, 14, 10, 9, 45, 90, 'A');
INSERT INTO public."Grades" VALUES (3, 3, 1, 11, 13, 8, 9, 40, 81, 'B');
INSERT INTO public."Grades" VALUES (4, 4, 1, 10, 12, 7, 9, 38, 76, 'C');
INSERT INTO public."Grades" VALUES (5, 5, 1, 9, 11, 8, 8, 34, 70, 'C');


--
-- Data for Name: Scholarships; Type: TABLE DATA; Schema: public; Owner: postgres
--



--
-- Data for Name: Semesters; Type: TABLE DATA; Schema: public; Owner: postgres
--

INSERT INTO public."Semesters" VALUES (1, 1, '2025-12-03', '2026-06-03');
INSERT INTO public."Semesters" VALUES (2, 1, '2026-12-03', '2027-06-03');
INSERT INTO public."Semesters" VALUES (3, 1, '2027-12-03', '2028-06-03');
INSERT INTO public."Semesters" VALUES (5, 1, '2028-12-03', '2029-06-03');


--
-- Data for Name: Skills; Type: TABLE DATA; Schema: public; Owner: postgres
--



--
-- Data for Name: StudentCoursePrograms; Type: TABLE DATA; Schema: public; Owner: postgres
--

INSERT INTO public."StudentCoursePrograms" VALUES (1, 1, 'IT1', 'Information Technologies', 'EN');


--
-- Data for Name: Students; Type: TABLE DATA; Schema: public; Owner: postgres
--

INSERT INTO public."Students" VALUES (1, 'a@a.az', '$2a$11$/fnIBRXxHuq8k18X4RmkfuY.eut31s.ZyyVn/Qe/M8DAw73CkLOjK', 2, '/avatars/default.jpg');


--
-- Data for Name: Transcripts; Type: TABLE DATA; Schema: public; Owner: postgres
--

INSERT INTO public."Transcripts" VALUES (1, 1, NULL, NULL, NULL, NULL);


--
-- Data for Name: __EFMigrationsHistory; Type: TABLE DATA; Schema: public; Owner: postgres
--

INSERT INTO public."__EFMigrationsHistory" VALUES ('20250603193954_InitialCreate', '9.0.5');


--
-- Name: Advisors_Id_seq; Type: SEQUENCE SET; Schema: public; Owner: postgres
--

SELECT pg_catalog.setval('public."Advisors_Id_seq"', 2, false);


--
-- Name: Announces_Id_seq; Type: SEQUENCE SET; Schema: public; Owner: postgres
--

SELECT pg_catalog.setval('public."Announces_Id_seq"', 11, false);


--
-- Name: AttendanceEntries_Id_seq; Type: SEQUENCE SET; Schema: public; Owner: postgres
--

SELECT pg_catalog.setval('public."AttendanceEntries_Id_seq"', 1, false);


--
-- Name: Clubs_Id_seq; Type: SEQUENCE SET; Schema: public; Owner: postgres
--

SELECT pg_catalog.setval('public."Clubs_Id_seq"', 1, false);


--
-- Name: CoursePrograms_Id_seq; Type: SEQUENCE SET; Schema: public; Owner: postgres
--

SELECT pg_catalog.setval('public."CoursePrograms_Id_seq"', 6, false);


--
-- Name: Course_CourseProgram_Id_seq; Type: SEQUENCE SET; Schema: public; Owner: postgres
--

SELECT pg_catalog.setval('public."Course_CourseProgram_Id_seq"', 11, false);


--
-- Name: Courses_Id_seq; Type: SEQUENCE SET; Schema: public; Owner: postgres
--

SELECT pg_catalog.setval('public."Courses_Id_seq"', 35, false);


--
-- Name: DetailedStudents_Id_seq; Type: SEQUENCE SET; Schema: public; Owner: postgres
--

SELECT pg_catalog.setval('public."DetailedStudents_Id_seq"', 2, false);


--
-- Name: Grades_Id_seq; Type: SEQUENCE SET; Schema: public; Owner: postgres
--

SELECT pg_catalog.setval('public."Grades_Id_seq"', 6, false);


--
-- Name: Scholarships_Id_seq; Type: SEQUENCE SET; Schema: public; Owner: postgres
--

SELECT pg_catalog.setval('public."Scholarships_Id_seq"', 1, false);


--
-- Name: Semesters_Id_seq; Type: SEQUENCE SET; Schema: public; Owner: postgres
--

SELECT pg_catalog.setval('public."Semesters_Id_seq"', 6, false);


--
-- Name: Skills_Id_seq; Type: SEQUENCE SET; Schema: public; Owner: postgres
--

SELECT pg_catalog.setval('public."Skills_Id_seq"', 1, false);


--
-- Name: StudentCoursePrograms_Id_seq; Type: SEQUENCE SET; Schema: public; Owner: postgres
--

SELECT pg_catalog.setval('public."StudentCoursePrograms_Id_seq"', 2, false);


--
-- Name: Students_Id_seq; Type: SEQUENCE SET; Schema: public; Owner: postgres
--

SELECT pg_catalog.setval('public."Students_Id_seq"', 2, false);


--
-- Name: Transcripts_Id_seq; Type: SEQUENCE SET; Schema: public; Owner: postgres
--

SELECT pg_catalog.setval('public."Transcripts_Id_seq"', 2, false);


--
-- Name: Advisors PK_Advisors; Type: CONSTRAINT; Schema: public; Owner: postgres
--

ALTER TABLE ONLY public."Advisors"
    ADD CONSTRAINT "PK_Advisors" PRIMARY KEY ("Id");


--
-- Name: Announces PK_Announces; Type: CONSTRAINT; Schema: public; Owner: postgres
--

ALTER TABLE ONLY public."Announces"
    ADD CONSTRAINT "PK_Announces" PRIMARY KEY ("Id");


--
-- Name: AttendanceEntries PK_AttendanceEntries; Type: CONSTRAINT; Schema: public; Owner: postgres
--

ALTER TABLE ONLY public."AttendanceEntries"
    ADD CONSTRAINT "PK_AttendanceEntries" PRIMARY KEY ("Id");


--
-- Name: Clubs PK_Clubs; Type: CONSTRAINT; Schema: public; Owner: postgres
--

ALTER TABLE ONLY public."Clubs"
    ADD CONSTRAINT "PK_Clubs" PRIMARY KEY ("Id");


--
-- Name: CoursePrograms PK_CoursePrograms; Type: CONSTRAINT; Schema: public; Owner: postgres
--

ALTER TABLE ONLY public."CoursePrograms"
    ADD CONSTRAINT "PK_CoursePrograms" PRIMARY KEY ("Id");


--
-- Name: Course_CourseProgram PK_Course_CourseProgram; Type: CONSTRAINT; Schema: public; Owner: postgres
--

ALTER TABLE ONLY public."Course_CourseProgram"
    ADD CONSTRAINT "PK_Course_CourseProgram" PRIMARY KEY ("Id");


--
-- Name: Courses PK_Courses; Type: CONSTRAINT; Schema: public; Owner: postgres
--

ALTER TABLE ONLY public."Courses"
    ADD CONSTRAINT "PK_Courses" PRIMARY KEY ("Id");


--
-- Name: DetailedStudents PK_DetailedStudents; Type: CONSTRAINT; Schema: public; Owner: postgres
--

ALTER TABLE ONLY public."DetailedStudents"
    ADD CONSTRAINT "PK_DetailedStudents" PRIMARY KEY ("Id");


--
-- Name: Grades PK_Grades; Type: CONSTRAINT; Schema: public; Owner: postgres
--

ALTER TABLE ONLY public."Grades"
    ADD CONSTRAINT "PK_Grades" PRIMARY KEY ("Id");


--
-- Name: Scholarships PK_Scholarships; Type: CONSTRAINT; Schema: public; Owner: postgres
--

ALTER TABLE ONLY public."Scholarships"
    ADD CONSTRAINT "PK_Scholarships" PRIMARY KEY ("Id");


--
-- Name: Semesters PK_Semesters; Type: CONSTRAINT; Schema: public; Owner: postgres
--

ALTER TABLE ONLY public."Semesters"
    ADD CONSTRAINT "PK_Semesters" PRIMARY KEY ("Id");


--
-- Name: Skills PK_Skills; Type: CONSTRAINT; Schema: public; Owner: postgres
--

ALTER TABLE ONLY public."Skills"
    ADD CONSTRAINT "PK_Skills" PRIMARY KEY ("Id");


--
-- Name: StudentCoursePrograms PK_StudentCoursePrograms; Type: CONSTRAINT; Schema: public; Owner: postgres
--

ALTER TABLE ONLY public."StudentCoursePrograms"
    ADD CONSTRAINT "PK_StudentCoursePrograms" PRIMARY KEY ("Id");


--
-- Name: Students PK_Students; Type: CONSTRAINT; Schema: public; Owner: postgres
--

ALTER TABLE ONLY public."Students"
    ADD CONSTRAINT "PK_Students" PRIMARY KEY ("Id");


--
-- Name: Transcripts PK_Transcripts; Type: CONSTRAINT; Schema: public; Owner: postgres
--

ALTER TABLE ONLY public."Transcripts"
    ADD CONSTRAINT "PK_Transcripts" PRIMARY KEY ("Id");


--
-- Name: __EFMigrationsHistory PK___EFMigrationsHistory; Type: CONSTRAINT; Schema: public; Owner: postgres
--

ALTER TABLE ONLY public."__EFMigrationsHistory"
    ADD CONSTRAINT "PK___EFMigrationsHistory" PRIMARY KEY ("MigrationId");


--
-- Name: IX_AttendanceEntries_GradeId; Type: INDEX; Schema: public; Owner: postgres
--

CREATE INDEX "IX_AttendanceEntries_GradeId" ON public."AttendanceEntries" USING btree ("GradeId");


--
-- Name: IX_Clubs_DetailedStudentId; Type: INDEX; Schema: public; Owner: postgres
--

CREATE INDEX "IX_Clubs_DetailedStudentId" ON public."Clubs" USING btree ("DetailedStudentId");


--
-- Name: IX_Course_CourseProgram_CourseId; Type: INDEX; Schema: public; Owner: postgres
--

CREATE INDEX "IX_Course_CourseProgram_CourseId" ON public."Course_CourseProgram" USING btree ("CourseId");


--
-- Name: IX_Course_CourseProgram_CourseProgramId; Type: INDEX; Schema: public; Owner: postgres
--

CREATE INDEX "IX_Course_CourseProgram_CourseProgramId" ON public."Course_CourseProgram" USING btree ("CourseProgramId");


--
-- Name: IX_DetailedStudents_AdvisorId; Type: INDEX; Schema: public; Owner: postgres
--

CREATE INDEX "IX_DetailedStudents_AdvisorId" ON public."DetailedStudents" USING btree ("AdvisorId");


--
-- Name: IX_DetailedStudents_ScholarshipId; Type: INDEX; Schema: public; Owner: postgres
--

CREATE INDEX "IX_DetailedStudents_ScholarshipId" ON public."DetailedStudents" USING btree ("ScholarshipId");


--
-- Name: IX_DetailedStudents_StudentId; Type: INDEX; Schema: public; Owner: postgres
--

CREATE UNIQUE INDEX "IX_DetailedStudents_StudentId" ON public."DetailedStudents" USING btree ("StudentId");


--
-- Name: IX_Grades_CourseId; Type: INDEX; Schema: public; Owner: postgres
--

CREATE UNIQUE INDEX "IX_Grades_CourseId" ON public."Grades" USING btree ("CourseId");


--
-- Name: IX_Grades_StudentSemesterId; Type: INDEX; Schema: public; Owner: postgres
--

CREATE INDEX "IX_Grades_StudentSemesterId" ON public."Grades" USING btree ("StudentSemesterId");


--
-- Name: IX_Semesters_StudentCourseProgramId; Type: INDEX; Schema: public; Owner: postgres
--

CREATE INDEX "IX_Semesters_StudentCourseProgramId" ON public."Semesters" USING btree ("StudentCourseProgramId");


--
-- Name: IX_Skills_DetailedStudentId; Type: INDEX; Schema: public; Owner: postgres
--

CREATE INDEX "IX_Skills_DetailedStudentId" ON public."Skills" USING btree ("DetailedStudentId");


--
-- Name: IX_StudentCoursePrograms_TranscriptId; Type: INDEX; Schema: public; Owner: postgres
--

CREATE UNIQUE INDEX "IX_StudentCoursePrograms_TranscriptId" ON public."StudentCoursePrograms" USING btree ("TranscriptId");


--
-- Name: IX_Transcripts_DetailedStudentId; Type: INDEX; Schema: public; Owner: postgres
--

CREATE UNIQUE INDEX "IX_Transcripts_DetailedStudentId" ON public."Transcripts" USING btree ("DetailedStudentId");


--
-- Name: AttendanceEntries FK_AttendanceEntries_Grades_GradeId; Type: FK CONSTRAINT; Schema: public; Owner: postgres
--

ALTER TABLE ONLY public."AttendanceEntries"
    ADD CONSTRAINT "FK_AttendanceEntries_Grades_GradeId" FOREIGN KEY ("GradeId") REFERENCES public."Grades"("Id") ON DELETE CASCADE;


--
-- Name: Clubs FK_Clubs_DetailedStudents_DetailedStudentId; Type: FK CONSTRAINT; Schema: public; Owner: postgres
--

ALTER TABLE ONLY public."Clubs"
    ADD CONSTRAINT "FK_Clubs_DetailedStudents_DetailedStudentId" FOREIGN KEY ("DetailedStudentId") REFERENCES public."DetailedStudents"("Id") ON DELETE CASCADE;


--
-- Name: Course_CourseProgram FK_Course_CourseProgram_CoursePrograms_CourseProgramId; Type: FK CONSTRAINT; Schema: public; Owner: postgres
--

ALTER TABLE ONLY public."Course_CourseProgram"
    ADD CONSTRAINT "FK_Course_CourseProgram_CoursePrograms_CourseProgramId" FOREIGN KEY ("CourseProgramId") REFERENCES public."CoursePrograms"("Id") ON DELETE CASCADE;


--
-- Name: Course_CourseProgram FK_Course_CourseProgram_Courses_CourseId; Type: FK CONSTRAINT; Schema: public; Owner: postgres
--

ALTER TABLE ONLY public."Course_CourseProgram"
    ADD CONSTRAINT "FK_Course_CourseProgram_Courses_CourseId" FOREIGN KEY ("CourseId") REFERENCES public."Courses"("Id") ON DELETE CASCADE;


--
-- Name: DetailedStudents FK_DetailedStudents_Advisors_AdvisorId; Type: FK CONSTRAINT; Schema: public; Owner: postgres
--

ALTER TABLE ONLY public."DetailedStudents"
    ADD CONSTRAINT "FK_DetailedStudents_Advisors_AdvisorId" FOREIGN KEY ("AdvisorId") REFERENCES public."Advisors"("Id") ON DELETE CASCADE;


--
-- Name: DetailedStudents FK_DetailedStudents_Scholarships_ScholarshipId; Type: FK CONSTRAINT; Schema: public; Owner: postgres
--

ALTER TABLE ONLY public."DetailedStudents"
    ADD CONSTRAINT "FK_DetailedStudents_Scholarships_ScholarshipId" FOREIGN KEY ("ScholarshipId") REFERENCES public."Scholarships"("Id");


--
-- Name: DetailedStudents FK_DetailedStudents_Students_StudentId; Type: FK CONSTRAINT; Schema: public; Owner: postgres
--

ALTER TABLE ONLY public."DetailedStudents"
    ADD CONSTRAINT "FK_DetailedStudents_Students_StudentId" FOREIGN KEY ("StudentId") REFERENCES public."Students"("Id") ON DELETE CASCADE;


--
-- Name: Grades FK_Grades_Courses_CourseId; Type: FK CONSTRAINT; Schema: public; Owner: postgres
--

ALTER TABLE ONLY public."Grades"
    ADD CONSTRAINT "FK_Grades_Courses_CourseId" FOREIGN KEY ("CourseId") REFERENCES public."Courses"("Id") ON DELETE RESTRICT;


--
-- Name: Grades FK_Grades_Semesters_StudentSemesterId; Type: FK CONSTRAINT; Schema: public; Owner: postgres
--

ALTER TABLE ONLY public."Grades"
    ADD CONSTRAINT "FK_Grades_Semesters_StudentSemesterId" FOREIGN KEY ("StudentSemesterId") REFERENCES public."Semesters"("Id") ON DELETE CASCADE;


--
-- Name: Semesters FK_Semesters_StudentCoursePrograms_StudentCourseProgramId; Type: FK CONSTRAINT; Schema: public; Owner: postgres
--

ALTER TABLE ONLY public."Semesters"
    ADD CONSTRAINT "FK_Semesters_StudentCoursePrograms_StudentCourseProgramId" FOREIGN KEY ("StudentCourseProgramId") REFERENCES public."StudentCoursePrograms"("Id") ON DELETE CASCADE;


--
-- Name: Skills FK_Skills_DetailedStudents_DetailedStudentId; Type: FK CONSTRAINT; Schema: public; Owner: postgres
--

ALTER TABLE ONLY public."Skills"
    ADD CONSTRAINT "FK_Skills_DetailedStudents_DetailedStudentId" FOREIGN KEY ("DetailedStudentId") REFERENCES public."DetailedStudents"("Id") ON DELETE CASCADE;


--
-- Name: StudentCoursePrograms FK_StudentCoursePrograms_Transcripts_TranscriptId; Type: FK CONSTRAINT; Schema: public; Owner: postgres
--

ALTER TABLE ONLY public."StudentCoursePrograms"
    ADD CONSTRAINT "FK_StudentCoursePrograms_Transcripts_TranscriptId" FOREIGN KEY ("TranscriptId") REFERENCES public."Transcripts"("Id") ON DELETE CASCADE;


--
-- Name: Transcripts FK_Transcripts_DetailedStudents_DetailedStudentId; Type: FK CONSTRAINT; Schema: public; Owner: postgres
--

ALTER TABLE ONLY public."Transcripts"
    ADD CONSTRAINT "FK_Transcripts_DetailedStudents_DetailedStudentId" FOREIGN KEY ("DetailedStudentId") REFERENCES public."DetailedStudents"("Id") ON DELETE CASCADE;


--
-- PostgreSQL database dump complete
--

